id,gpa,attendance_rate,study_hours_per_week,exam_score,household_income,part_time_job_hours,label,label_pred,score,is_correct
30,2.85,0.89,28,71,915,18,1,0,0.387396514552859,False
32,2.01,1.0,27,94,388,8,1,0,0.19875339804912032,False
38,2.48,0.8,23,99,2140,8,1,0,0.3181381530464202,False
42,3.06,0.69,36,58,361,1,1,0,0.2213708497682169,False
46,3.08,0.93,27,46,445,2,1,0,0.2439424642533944,False
64,2.32,0.72,36,94,1626,10,1,0,0.15906066380143716,False
76,2.2,0.8,37,82,205,8,1,0,0.053929868661632116,False
95,3.61,0.92,16,45,2091,16,1,0,0.1264404318153365,False
