feature,importance
gpa,0.33674026190479633
academic_strength,0.3248536373621883
study_hours_per_week,0.06010746749767547
work_study_balance,0.05581588071968627
attendance_rate,0.05501233497039869
exam_score,0.045716245163968265
income_per_study_hour,0.04553709027065335
study_efficiency,0.039324799362756215
household_income,0.019308765196527994
part_time_job_hours,0.017583517551349005
